{"timestamp": 1771089546.3335783, "data": {"NY.GDP.PCAP.CD": {"India": 2694.73780859961, "China": 13303.1481543868, "Pakistan": 1478.77277977996, "Nepal": 1447.31004458428, "Bangladesh": 2593.41611680774, "Sri Lanka": 4515.56787322732, "USA": 84534.0407841548, "Russia": 14889.0185546875, "Japan": 32487.0778047567, "UK": 53246.3676145108}, "NY.GDP.MKTP.KD.ZG": {"India": 6.49476552383821, "China": 4.9773565917572, "Pakistan": 3.04898287335465, "Nepal": 3.66537430744967, "Bangladesh": 4.22325911250161, "Sri Lanka": 5.00871930957159, "USA": 2.79300127716779, "Russia": 4.34437475491529, "Japan": 0.104309021773304, "UK": 1.1264226705118}, "FP.CPI.TOTL.ZG": {"India": 4.95303550973656, "China": 0.218128938439177, "Pakistan": 12.6325318530452, "Nepal": 4.6850965426577, "Bangladesh": 10.4657482763412, "Sri Lanka": -0.42936004906973, "USA": 2.94952520485207, "Russia": 8.43486410496723, "Japan": 2.73853681635241, "UK": 3.2715729463592}, "GC.DOD.TOTL.GD.ZS": {"India": 46.5224986659322, "China": null, "Pakistan": 55.0324216144747, "Nepal": 39.9222686422289, "Bangladesh": 31.2044521104432, "Sri Lanka": 73.5126591624451, "USA": 118.110809413059, "Russia": 18.5032227571465, "Japan": null, "UK": 131.073062954793}, "MS.MIL.XPND.GD.ZS": {"India": 2.2712033218142, "China": 1.71129740345228, "Pakistan": 2.66760037007452, "Nepal": 0.979452474186084, "Bangladesh": 0.941321120606305, "Sri Lanka": 1.42539087177796, "USA": 3.41921653228044, "Russia": 7.05233864500366, "Japan": 1.37139689580634, "UK": 2.2786177901127}, "SH.XPD.CHEX.PC.CD": {"India": 84.68669891, "China": 763.37762451, "Pakistan": 30.48608398, "Nepal": 83.96018982, "Bangladesh": 53.46432495, "Sri Lanka": 134.23654175, "USA": 13473.19335938, "Russia": 1003.33166504, "Japan": 3638.19287109, "UK": 5860.23925781}, "IT.NET.USER.ZS": {"India": 55.9, "China": 92.0, "Pakistan": 27.3759, "Nepal": 55.7716, "Bangladesh": 44.5027, "Sri Lanka": 51.2, "USA": 93.1444, "Russia": 94.365, "Japan": 86.9815, "UK": 96.2988}, "SI.POV.GINI": {"India": 25.5, "China": 36.0, "Pakistan": 29.6, "Nepal": 30.0, "Bangladesh": 30.9, "Sri Lanka": 37.7, "USA": 41.8, "Russia": 33.0, "Japan": 32.3, "UK": 32.4}, "EG.IMP.CONS.ZS": {"India": 36.0871843474496, "China": 23.9617588276826, "Pakistan": 39.7925509388676, "Nepal": 27.4137248718471, "Bangladesh": 44.3070258449266, "Sri Lanka": 60.0395802943756, "USA": -9.00058575160831, "Russia": -75.1375358449974, "Japan": 87.2798853157027, "UK": 44.0436184547282}, "SP.DYN.LE00.IN": {"India": 72.003, "China": 77.953, "Pakistan": 67.649, "Nepal": 70.354, "Bangladesh": 74.672, "Sri Lanka": 77.483, "USA": 78.3853658536585, "Russia": 73.2546341463415, "Japan": 84.0412195121951, "UK": 81.2380975609756}}}